protein_id	aspect	go_term	go_name	score	n_neighbors_agreed	n_neighbors_total	consensus_fraction	neighbor_ids
YDR115W	F	GO:0003735	structural constituent of ribosome	1.0000	10	10	1.000	YIL093C,YGR215W,YGL129C,YKR006C,YGR084C,YGR165W,YPL173W,YBR122C,YPL118W,YHR059W
YBR200W-A	C	GO:0005634	nucleus	1.0000	3	6	0.500	YDR210W-B,YJR005C-A,YGR169C-A
YJL027C	F	GO:0005515	protein binding	0.9987	3	6	0.500	YJR056C,YJR055W,YJR093C
YDR149C	F	GO:0005515	protein binding	0.9162	9	10	0.900	YDR488C,YOR269W,YDR106W,YDR150W,YPL174C,YHR129C,YPL155C,YKR054C,YMR294W
YLR003C	F	GO:0005515	protein binding	0.9013	9	10	0.900	YKR060W,YKL082C,YHR196W,YNR038W,YCL031C,YLR435W,YOL010W,YBL004W,YPR143W
YIL127C	C	GO:0005730	nucleolus	0.9004	9	9	1.000	YLR186W,YDR083W,YNL061W,YNL075W,YOL010W,YJL069C,YER082C,YHR052W,YOR287C
YOL042W	F	GO:0005515	protein binding	0.8661	9	10	0.900	YNL288W,YDL165W,YGR134W,YFL028C,YIL038C,YCR093W,YNR052C,YKR036C,YAL021C
YHL013C	F	GO:0004843	cysteine-type deubiquitinase activity	0.8588	8	10	0.800	YER151C,YJL197W,YDL122W,YBR058C,YOR124C,YJR099W,YFL044C,YMR304W
YLR156W	P	GO:0006530	L-asparagine catabolic process	0.8137	5	9	0.556	YLR157C,YLR158C,YLR160C,YLR155C,YDR321W
YLR156W	F	GO:0004067	asparaginase activity	0.8137	5	9	0.556	YLR157C,YLR158C,YLR160C,YLR155C,YDR321W
YDR008C	P	GO:0006338	chromatin remodeling	0.8131	8	10	0.800	YBR089C-A,YHL025W,YDR073W,YPL016W,YBR289W,YNR023W,YJL176C,YLR095C
YLR003C	C	GO:0005730	nucleolus	0.8095	8	10	0.800	YKR060W,YKL082C,YHR196W,YNR038W,YCL031C,YOR056C,YOL010W,YBL004W
YBL049W	P	GO:0045721	negative regulation of gluconeogenesis	0.8015	8	10	0.800	YEL012W,YIL017C,YBR105C,YGL227W,YCL039W,YDR255C,YIL097W,YMR135C
YBL049W	P	GO:0043161	proteasome-mediated ubiquitin-dependent protein catabolic process	0.8015	8	10	0.800	YEL012W,YIL017C,YBR105C,YGL227W,YCL039W,YDR255C,YIL097W,YMR135C
YBL049W	F	GO:0005515	protein binding	0.8015	8	9	0.889	YEL012W,YIL017C,YBR105C,YGL227W,YCL039W,YDR255C,YIL097W,YMR135C
YDL018C	F	GO:0005515	protein binding	0.7984	8	9	0.889	YGL002W,YAL007C,YHR110W,YAR002C-A,YGL200C,YOR016C,YJL201W,YML012W
YDR008C	P	GO:0045944	positive regulation of transcription by RNA polymerase II	0.7946	8	10	0.800	YHL025W,YDR073W,YPL016W,YBR289W,YLR176C,YBR049C,YNR023W,YJL176C
YIL127C	F	GO:0005515	protein binding	0.7902	8	9	0.889	YLR186W,YNL061W,YNL075W,YOL010W,YJL069C,YER082C,YHR052W,YOR287C
YLR156W	C	GO:0030287	cell wall-bounded periplasmic space	0.7893	4	7	0.571	YLR157C,YLR158C,YLR160C,YLR155C
YLR031W	C	GO:0032541	cortical endoplasmic reticulum	0.7881	8	10	0.800	YOR086C,YNL087W,YBR086C,YKR003W,YER120W,YML072C,YDL019C,YHR001W
YDR199W	F	GO:0005515	protein binding	0.7872	7	9	0.778	YMR052W,YFR008W,YLR238W,YNL127W,YDR200C,YMR029C,YHR102W
YBR150C	F	GO:0005515	protein binding	0.7716	8	10	0.800	YLR399C,YDR190C,YPL235W,YGL150C,YDR485C,YML041C,YBR239C,YNL153C
YGL230C	F	GO:0005515	protein binding	0.7506	7	8	0.875	YOR260W,YLR291C,YDR211W,YKR026C,YGR083C,YLR405W,YLR215C
YER087W	C	GO:0005739	mitochondrion	0.7473	7	8	0.875	YNL073W,YPR047W,YGR094W,YHR011W,YGR171C,YPR033C,YPL040C
YHL012W	F	GO:0005515	protein binding	0.7393	7	10	0.700	YKL035W,YMR261C,YKR058W,YDR516C,YPR160W,YDR001C,YFR015C
YHR021W-A	C	GO:0009277	fungal-type cell wall	0.7382	6	8	0.750	YBR078W,YOL030W,YMR307W,YMR215W,YOL132W,YGR279C
YJR037W	P	GO:0030476	ascospore wall assembly	0.7352	7	10	0.700	YOR255W,YDR403W,YMR148W,YHR139C,YDR402C,YOR242C,YOL132W
YOL134C	F	GO:0005515	protein binding	0.7261	7	7	1.000	YLR066W,YJR010C-A,YML105C,YDL092W,YKL122C,YPL210C,YDR292C
YDR008C	C	GO:0005634	nucleus	0.7255	7	9	0.778	YBR089C-A,YHL025W,YDR073W,YPL016W,YBR289W,YNR023W,YJL176C
YHL013C	P	GO:0016579	protein deubiquitination	0.7223	7	9	0.778	YER151C,YJL197W,YDL122W,YOR124C,YFL044C,YOR138C,YMR304W
YDR199W	P	GO:0000321	re-entry into mitotic cell cycle after pheromone arrest	0.7180	6	10	0.600	YMR052W,YFR008W,YLR238W,YNL127W,YDR200C,YMR029C
YDR199W	C	GO:0005783	endoplasmic reticulum	0.7180	6	10	0.600	YMR052W,YFR008W,YLR238W,YNL127W,YDR200C,YMR029C
YDR115W	C	GO:0005763	mitochondrial small ribosomal subunit	0.7087	7	10	0.700	YIL093C,YGR215W,YGL129C,YGR084C,YGR165W,YPL118W,YHR059W
YGL218W	P	GO:0030476	ascospore wall assembly	0.7081	7	8	0.875	YOL047C,YBR043C,YGL228W,YMR148W,YFR039C,YLR054C,YJL038C
YKL105C	C	GO:0032126	eisosome	0.7079	6	8	0.750	YMR086W,YGR130C,YMR031C,YGR086C,YPL004C,YML052W
YCR087C-A	C	GO:0005730	nucleolus	0.7054	7	9	0.778	YNL175C,YOR287C,YNR054C,YDR312W,YOR056C,YPR112C,YIL091C
YIL127C	P	GO:0006364	rRNA processing	0.7035	7	10	0.700	YLR186W,YDR083W,YOL080C,YNL075W,YOL010W,YHR052W,YOR287C
YBL028C	F	GO:0005515	protein binding	0.7033	7	10	0.700	YBR267W,YJL122W,YIR012W,YKR063C,YLR106C,YER002W,YLR221C
YEL057C	C	GO:0005737	cytoplasm	0.7030	7	10	0.700	YGR169C-A,YLR150W,YDL133C-A,YDL184C,YPL037C,YHR193C,YLR287C-A
YCR087C-A	F	GO:0005515	protein binding	0.7005	7	8	0.875	YNL175C,YOR287C,YNR054C,YDR312W,YPR112C,YIL091C,YLR435W
YIL163C	F	GO:0005515	protein binding	0.6996	4	6	0.667	YIL161W,YNL023C,YNL135C,YLR097C
YDR008C	P	GO:0006357	regulation of transcription by RNA polymerase II	0.6981	7	10	0.700	YHL025W,YDR073W,YPL016W,YBR289W,YBR049C,YNR023W,YJL176C
YOR013W	F	GO:0005515	protein binding	0.6971	7	7	1.000	YKL101W,YCL024W,YPL161C,YNL166C,YKR048C,YBR133C,YNL078W
YBL028C	C	GO:0005634	nucleus	0.6969	7	10	0.700	YLR074C,YJL122W,YKR063C,YLR106C,YER002W,YHR085W,YLR009W
YGR201C	F	GO:0005515	protein binding	0.6953	7	9	0.778	YER007C-A,YLR022C,YGR054W,YJR014W,YNL244C,YNL163C,YMR309C
YLR031W	F	GO:0008289	lipid binding	0.6944	7	9	0.778	YOR086C,YNL087W,YBR086C,YKR003W,YML072C,YDL019C,YHR001W
YFR057W	F	GO:0005515	protein binding	0.6922	7	8	0.875	YOR076C,YBR275C,YDR152W,YKR084C,YLR453C,YPL075W,YDR172W
YDR008C	F	GO:0005515	protein binding	0.6889	7	10	0.700	YHL025W,YDR073W,YBR289W,YLR176C,YNR023W,YJL176C,YLR095C
YPR157W	C	GO:0005886	plasma membrane	0.6870	6	8	0.750	YBR054W,YPR156C,YGR138C,YPL058C,YIL121W,YDR033W
YGR160W	F	GO:0005515	protein binding	0.6868	7	9	0.778	YOR138C,YNL186W,YER047C,YDR174W,YDR156W,YFL023W,YNR051C
YOL042W	P	GO:0032968	positive regulation of transcription elongation by RNA polymerase II	0.6808	7	10	0.700	YNL288W,YDL165W,YGR134W,YIL038C,YCR093W,YNR052C,YAL021C
YOL042W	C	GO:0030015	CCR4-NOT core complex	0.6808	7	9	0.778	YNL288W,YDL165W,YGR134W,YIL038C,YCR093W,YNR052C,YAL021C
YHR063C	P	GO:0015937	coenzyme A biosynthetic process	0.6779	6	10	0.600	YGR277C,YDR531W,YIL083C,YDR196C,YOR054C,YKL088W
YLR031W	C	GO:0005789	endoplasmic reticulum membrane	0.6768	7	10	0.700	YOR086C,YNL087W,YKR003W,YER120W,YML072C,YDL019C,YHR001W
YNR065C	C	GO:0005634	nucleus	0.6664	7	8	0.875	YOR066W,YOR113W,YCR065W,YIL131C,YMR199W,YNL068C,YPR104C
YLR031W	C	GO:0005886	plasma membrane	0.6651	7	10	0.700	YNL087W,YBR086C,YKR003W,YER120W,YML072C,YDL019C,YHR001W
YBL049W	C	GO:0034657	GID complex	0.6639	7	9	0.778	YIL017C,YBR105C,YGL227W,YCL039W,YDR255C,YIL097W,YMR135C
YER098W	F	GO:0004843	cysteine-type deubiquitinase activity	0.6620	5	7	0.714	YKR098C,YIL156W,YBL067C,YOR124C,YDL122W
YOR309C	F	GO:0005515	protein binding	0.6554	7	9	0.778	YGR251W,YDR412W,YGR081C,YKL014C,YLR449W,YLR221C,YIR012W
YLR342W-A	C	GO:0005634	nucleus	0.6507	6	8	0.750	YDR395W,YGL241W,YJR132W,YGL164C,YJR074W,YGR218W
YHR021W-A	C	GO:0005886	plasma membrane	0.6501	5	8	0.625	YBR078W,YJL062W,YMR307W,YMR215W,YBL042C
YIL163C	P	GO:0070651	nonfunctional rRNA decay	0.6494	3	5	0.600	YIL161W,YNL023C,YNL135C
YIL163C	C	GO:0005737	cytoplasm	0.6494	3	6	0.500	YIL161W,YNL023C,YNL135C
YKR104W	C	GO:0000329	fungal-type vacuole membrane	0.6437	5	9	0.556	YLL015W,YHL035C,YOL075C,YKR103W,YDR135C
Q0075	P	GO:0000372	Group I intron splicing	0.6403	6	10	0.600	YIR021W,YPR134W,Q0115,YPL029W,YHL038C,YOR350C
YHR048W	C	GO:0005886	plasma membrane	0.6298	6	7	0.857	YNL065W,YNR060W,YIL121W,YNR070W,YGR224W,YIL120W
YNR065C	P	GO:0000082	G1/S transition of mitotic cell cycle	0.6228	6	10	0.600	YKR077W,YOR066W,YER167W,YIL131C,YNR009W,YNL068C
YOL056W	P	GO:0006096	glycolytic process	0.6201	7	8	0.875	YKL152C,YHR174W,YJR009C,YGR254W,YJL052W,YGR192C,YCR012W
YOL056W	C	GO:0005739	mitochondrion	0.6201	7	8	0.875	YKL152C,YHR174W,YJR009C,YGR254W,YJL052W,YGR192C,YCR012W
YBL089W	P	GO:0006865	amino acid transport	0.6190	6	10	0.600	YBR068C,YBR069C,YDR508C,YKR039W,YPL265W,YDR046C
YDL018C	P	GO:0006888	endoplasmic reticulum to Golgi vesicle-mediated transport	0.6166	6	8	0.750	YGL002W,YAL007C,YAR002C-A,YGL200C,YOR016C,YML012W
YHR063C	F	GO:0005515	protein binding	0.6134	6	9	0.667	YGR277C,YIL083C,YDR196C,YOR054C,YKL088W,YDR251W
YOR384W	P	GO:0015891	siderophore transport	0.6093	6	10	0.600	YOR383C,YOR381W,YOR382W,YHL047C,YNR060W,YDR534C
YDR008C	C	GO:0016514	SWI/SNF complex	0.6077	6	9	0.667	YHL025W,YDR073W,YPL016W,YBR289W,YNR023W,YJL176C
YBL028C	C	GO:0030687	preribosome, large subunit precursor	0.5987	6	10	0.600	YLR074C,YBR267W,YKR063C,YER002W,YLR221C,YLR009W
YOR013W	C	GO:0005935	cellular bud neck	0.5972	6	8	0.750	YKL101W,YCL024W,YNL166C,YKR048C,YBR133C,YNL078W
YEL057C	F	GO:0005515	protein binding	0.5949	6	9	0.667	YLR150W,YDR429C,YPL037C,YGR054W,YHR193C,YNL244C
YGL230C	P	GO:0006446	regulation of translational initiation	0.5906	5	10	0.500	YOR260W,YLR291C,YDR211W,YKR026C,YGR083C
YGL230C	F	GO:0005085	guanyl-nucleotide exchange factor activity	0.5906	5	8	0.625	YOR260W,YLR291C,YDR211W,YKR026C,YGR083C
YGL230C	F	GO:0003743	translation initiation factor activity	0.5906	5	8	0.625	YOR260W,YLR291C,YDR211W,YKR026C,YGR083C
YGL230C	C	GO:0032045	guanyl-nucleotide exchange factor complex	0.5906	5	5	1.000	YOR260W,YLR291C,YDR211W,YKR026C,YGR083C
YGL230C	C	GO:0005851	eukaryotic translation initiation factor 2B complex	0.5906	5	5	1.000	YOR260W,YLR291C,YDR211W,YKR026C,YGR083C
YBR150C	P	GO:0006338	chromatin remodeling	0.5840	6	9	0.667	YLR399C,YDR190C,YPL235W,YGL150C,YDR485C,YML041C
YDL109C	F	GO:0005515	protein binding	0.5800	6	7	0.857	YGL002W,YJL201W,YHR110W,YAR002C-A,YAL007C,YOR016C
YBR298C	P	GO:0046352	disaccharide catabolic process	0.5777	5	9	0.556	YGR287C,YGR289C,YJL216C,YOL157C,YJL221C
YBR220C	F	GO:0005515	protein binding	0.5754	6	9	0.667	YIL005W,YDR292C,YOR288C,YPL094C,YBR171W,YPL210C
YFR035C	F	GO:0005515	protein binding	0.5719	6	8	0.750	YGR089W,YEL043W,YIL129C,YJR031C,YBR164C,YNL085W
YIR042C	F	GO:0005515	protein binding	0.5704	9	9	1.000	YIL001W,YBR280C,YMR258C,YER143W,YIR003W,YDR306C,YLR097C,YLR224W,YLR352W
YLR342W-A	C	GO:0005737	cytoplasm	0.5702	5	8	0.625	YDR395W,YGL241W,YJR132W,YGL164C,YMR255W
YBR219C	F	GO:0005515	protein binding	0.5699	6	8	0.750	YIL005W,YDR292C,YOR288C,YPL210C,YKL122C,YKL154W
YLR444C	P	GO:0006816	calcium ion transport	0.5692	6	10	0.600	YNL291C,YGL167C,YGL006W,YDL128W,YGR217W,YLR443W
YNL046W	P	GO:0031505	fungal-type cell wall organization	0.5689	6	9	0.667	YKL163W,YKL164C,YKL096W,YDR055W,YJL159W,YDR077W
YNL046W	C	GO:0009277	fungal-type cell wall	0.5689	6	8	0.750	YKL163W,YKL164C,YKL096W,YDR055W,YJL159W,YDR077W
YOR300W	F	GO:0005515	protein binding	0.5665	6	9	0.667	YLR330W,YHR142W,YMR237W,YKR027W,YBR023C,YDL192W
YER014C-A	C	GO:0005621	cellular bud scar	0.5664	6	8	0.750	YOR301W,YNL327W,YNR067C,YHR143W,YLR084C,YNL066W
YDL009C	C	GO:1990229	iron-sulfur cluster assembly complex	0.5640	6	8	0.750	YDL010W,YGL220W,YAL044W-A,YER174C,YDR098C,YPL059W
YJL225C	P	GO:0000722	telomere maintenance via recombination	0.5576	5	5	1.000	YLR466W,YER190W,YLR467W,YDR545W,YNL339C
YER034W	F	GO:0005515	protein binding	0.5536	5	5	1.000	YIL108W,YER032W,YBR269C,YER007W,YKL171W
YNR059W	C	GO:0005794	Golgi apparatus	0.5523	6	8	0.750	YKL201C,YER001W,YKR061W,YDR483W,YDR372C,YEL042W
YMR157C	P	GO:0033617	mitochondrial respiratory chain complex IV assembly	0.5521	6	10	0.600	YJR034W,YPL189C-A,YBR037C,YLL009C,YGR112W,YLL018C-A
YMR118C	F	GO:0008177	succinate dehydrogenase (quinone) activity	0.5496	5	10	0.500	YLR164W,YJL045W,YKL141W,YKL148C,YDR178W
YDL057W	C	GO:1990229	iron-sulfur cluster assembly complex	0.5490	6	9	0.667	YDL010W,YGL220W,YAL044W-A,YER174C,YDR098C,YPL059W
YIL177C	P	GO:0000722	telomere maintenance via recombination	0.5481	5	5	1.000	YER190W,YLR466W,YLR467W,YDR545W,YNL339C
YHR063C	C	GO:1990143	CoA-synthesizing protein complex	0.5460	5	9	0.556	YGR277C,YIL083C,YDR196C,YOR054C,YKL088W
YKL105C	P	GO:0070941	eisosome assembly	0.5437	5	8	0.625	YMR086W,YMR031C,YGR086C,YPL004C,YPR149W
YDR149C	P	GO:0030473	nuclear migration along microtubule	0.5373	5	10	0.500	YDR488C,YOR269W,YDR150W,YPL155C,YKR054C
YBR225W	F	GO:0005515	protein binding	0.5372	5	8	0.625	YGL197W,YHR068W,YKL027W,YHR003C,YLL010C
YLR031W	P	GO:0090158	endoplasmic reticulum membrane organization	0.5367	5	10	0.500	YOR086C,YNL087W,YBR086C,YER120W,YML072C
YLR031W	P	GO:0060304	regulation of phosphatidylinositol dephosphorylation	0.5367	5	10	0.500	YOR086C,YNL087W,YBR086C,YER120W,YML072C
YBL089W	F	GO:0015171	amino acid transmembrane transporter activity	0.5262	5	9	0.556	YBR068C,YBR069C,YDR508C,YKR039W,YDR046C
YCR096C	P	GO:0007532	regulation of mating-type specific transcription, DNA-templated	0.5249	3	6	0.500	YCR040W,YCR097W,YCR039C
YIL151C	C	GO:0005737	cytoplasm	0.5248	5	8	0.625	YOR166C,YDR206W,YMR080C,YGR072W,YHR077C
YLR031W	F	GO:0005515	protein binding	0.5246	5	9	0.556	YOR086C,YNL087W,YBR086C,YER120W,YDL019C
YCL067C	P	GO:0007532	regulation of mating-type specific transcription, DNA-templated	0.5237	3	5	0.600	YCR039C,YCR040W,YCR097W
YBL028C	C	GO:0005737	cytoplasm	0.5228	5	10	0.500	YLR074C,YBR267W,YJL122W,YKR063C,YLR009W
YBL089W	C	GO:0005886	plasma membrane	0.5205	5	6	0.833	YBR068C,YBR069C,YDR463W,YKR039W,YDR160W
YMR118C	P	GO:0006121	mitochondrial electron transport, succinate to ubiquinone	0.5182	5	10	0.500	YLR164W,YKL141W,YKL148C,YOL071W,YDR178W
YNR014W	F	GO:0005515	protein binding	0.5165	5	6	0.833	YMR204C,YDR479C,YPR028W,YMR163C,YDR233C
YLR152C	F	GO:0005515	protein binding	0.5153	4	6	0.667	YLR082C,YLR154C,YLR080W,YDR279W
YLR278C	P	GO:0045944	positive regulation of transcription by RNA polymerase II	0.5141	5	9	0.556	YBR239C,YPL133C,YMR280C,YLR451W,YJL089W
YBR007C	F	GO:0005515	protein binding	0.5137	5	5	1.000	YIL108W,YER032W,YBR269C,YER007W,YKL171W
YMR118C	C	GO:0005743	mitochondrial inner membrane	0.5136	5	8	0.625	YLR164W,YKL141W,YKL148C,YDR178W,YGL080W
YMR114C	F	GO:0005515	protein binding	0.5124	5	7	0.714	YPR051W,YEL053C,YCR020C-A,YOL076W,YDL139C
YNL334C	P	GO:0008615	pyridoxine biosynthetic process	0.5118	4	8	0.500	YNL333W,YFL059W,YMR095C,YMR096W
YCR001W	F	GO:0005515	protein binding	0.5113	5	8	0.625	YBR269C,YER007W,YPL003W,YDL199C,YKL171W
YER109C	P	GO:0045944	positive regulation of transcription by RNA polymerase II	0.5106	4	8	0.500	YMR164C,YOL116W,YOR140W,YKL043W
YML116W-A	F	GO:0005515	protein binding	0.5098	5	9	0.556	YML117W,YGR162W,YPL237W,YPL119C,YDR432W
YLR250W	F	GO:0005515	protein binding	0.5077	5	8	0.625	YFL048C,YDR279W,YML067C,YDR363W,YLR080W
YBL028C	P	GO:0042273	ribosomal large subunit biogenesis	0.5064	5	10	0.500	YBR267W,YJL122W,YIR012W,YER002W,YLR009W
YLR003C	C	GO:0032040	small-subunit processome	0.5061	5	10	0.500	YKR060W,YHR196W,YCL031C,YOL010W,YBL004W
YDR008C	C	GO:0005829	cytosol	0.5049	5	9	0.556	YHL025W,YDR073W,YBR289W,YNR023W,YJL176C
YNR014W	C	GO:0005778	peroxisomal membrane	0.5038	5	8	0.625	YOR193W,YDR479C,YCL056C,YMR163C,YHR150W
YHL013C	F	GO:0005515	protein binding	0.5032	5	10	0.500	YER151C,YOR124C,YFL044C,YER047C,YOR138C
YER066W	F	GO:0005515	protein binding	0.5031	4	6	0.667	YOL025W,YNL230C,YML088W,YJL047C
YIL127C	C	GO:0032040	small-subunit processome	0.5029	5	9	0.556	YLR186W,YNL075W,YOL010W,YJL069C,YER082C
YML133C	P	GO:0000722	telomere maintenance via recombination	0.5004	5	5	1.000	YER190W,YDR545W,YLR467W,YNL339C,YLR466W
YOR393W	F	GO:0004634	phosphopyruvate hydratase activity	0.4945	4	8	0.500	YPL281C,YMR323W,YHR174W,YGR254W
YEL077C	P	GO:0000722	telomere maintenance via recombination	0.4944	5	5	1.000	YLR466W,YER190W,YLR467W,YNL339C,YDR545W
YDR114C	C	GO:0005739	mitochondrion	0.4914	4	7	0.571	YGR102C,YMR293C,YGR150C,YJL046W
YKL161C	F	GO:0005515	protein binding	0.4892	5	8	0.625	YPL140C,YHR030C,YPR054W,YDL230W,YER045C
YBR150C	C	GO:0000812	Swr1 complex	0.4878	5	8	0.625	YLR399C,YDR190C,YPL235W,YDR485C,YML041C
YBR150C	C	GO:0000785	chromatin	0.4878	5	8	0.625	YLR399C,YDR190C,YPL235W,YDR485C,YML041C
YOR300W	P	GO:0006031	chitin biosynthetic process	0.4865	5	9	0.556	YBL061C,YHR142W,YMR237W,YKR027W,YBR023C
YNL046W	F	GO:0005199	structural constituent of cell wall	0.4859	5	6	0.833	YKL163W,YKL164C,YKL096W,YJL159W,YDR077W
YMR118C	P	GO:0045333	cellular respiration	0.4841	5	10	0.500	YJL045W,YKL141W,YKL148C,YDR178W,YDR148C
YNR071C	C	GO:0005758	mitochondrial intermembrane space	0.4815	5	8	0.625	YBL107C,YBR056W,YKL137W,YMR002W,YMR244C-A
YDR274C	F	GO:0005515	protein binding	0.4806	5	7	0.714	YMR226C,YGR072W,YMR080C,YLR233C,YHR077C
YOL107W	P	GO:0072344	rescue of stalled cytosolic ribosome	0.4764	5	8	0.625	YGL110C,YKR023W,YPL009C,YDR266C,YGR271W
YOL107W	P	GO:1990116	ribosome-associated ubiquitin-dependent protein catabolic process	0.4764	5	8	0.625	YGL110C,YKR023W,YPL009C,YDR266C,YGR271W
YOL107W	C	GO:0022626	cytosolic ribosome	0.4764	5	6	0.833	YGL110C,YKR023W,YPL009C,YDR266C,YGR271W
YCL067C	F	GO:0005515	protein binding	0.4744	3	5	0.600	YCR039C,YCR040W,YDR227W
YPR157W	F	GO:0005515	protein binding	0.4743	5	6	0.833	YPR156C,YGR138C,YPR008W,YNL160W,YPL058C
YBL113C	P	GO:0000722	telomere maintenance via recombination	0.4742	5	5	1.000	YER190W,YLR466W,YLR467W,YDR545W,YNL339C
YHR087W	C	GO:0005737	cytoplasm	0.4731	4	8	0.500	YGR008C,YGR248W,YOR173W,YLR178C
YCR096C	F	GO:0005515	protein binding	0.4718	4	5	0.800	YCR040W,YCR039C,YDR227W,YKL209C
YIL151C	F	GO:0005515	protein binding	0.4717	5	6	0.833	YMR080C,YGR072W,YLR233C,YHR077C,YPL204W
YGL114W	C	GO:0005886	plasma membrane	0.4713	4	7	0.571	YPR194C,YJL212C,YKR093W,YMR251W-A
YOL042W	P	GO:0000289	nuclear-transcribed mRNA poly(A) tail shortening	0.4675	5	10	0.500	YDL165W,YIL038C,YCR093W,YNR052C,YAL021C
YOL042W	C	GO:0005737	cytoplasm	0.4675	5	9	0.556	YDL165W,YIL038C,YCR093W,YNR052C,YAL021C
YOR342C	C	GO:0071561	nucleus-vacuole junction	0.4665	5	9	0.556	YML104C,YDR179W-A,YHR195W,YAR042W,YEL013W
YGL052W	C	GO:0005886	plasma membrane	0.4657	3	6	0.500	YGL053W,YGL051W,YAR033W
YGL052W	C	GO:0005783	endoplasmic reticulum	0.4657	3	6	0.500	YGL053W,YGL051W,YAR033W
YLR342W-A	P	GO:0006606	protein import into nucleus	0.4650	4	8	0.500	YDR395W,YGL241W,YJR132W,YJR074W
YDR274C	C	GO:0005737	cytoplasm	0.4648	5	6	0.833	YGR072W,YMR080C,YOR166C,YDR206W,YHR077C
YGL007W	F	GO:0005515	protein binding	0.4646	5	5	1.000	YJL025W,YDR156W,YML043C,YDR005C,YPR110C
YCL067C	C	GO:0005634	nucleus	0.4616	3	5	0.600	YCR039C,YCR097W,YGR044C
YEL025C	F	GO:0005515	protein binding	0.4588	6	9	0.667	YMR039C,YDL175C,YLR430W,YBL051C,YIL079C,YNL299W
YOL134C	C	GO:0005786	signal recognition particle, endoplasmic reticulum targeting	0.4552	5	8	0.625	YML105C,YDL092W,YKL122C,YPL210C,YPL243W
YLR342W-A	F	GO:0061608	nuclear import signal receptor activity	0.4486	4	8	0.500	YDR395W,YGL241W,YJR132W,YGR218W
YJL188C	F	GO:0005515	protein binding	0.4478	4	6	0.667	YJL042W,YOR124C,YIL156W,YDL224C
YOL014W	C	GO:0005758	mitochondrial intermembrane space	0.4461	5	7	0.714	YBL107C,YKL137W,YMR002W,YMR244C-A,YDR031W
YLL066C	P	GO:0000722	telomere maintenance via recombination	0.4452	5	5	1.000	YER190W,YLR467W,YDR545W,YLR466W,YNL339C
YDR286C	C	GO:0005743	mitochondrial inner membrane	0.4449	3	6	0.500	YDR381C-A,YHR198C,YDL027C
YMR155W	C	GO:0000329	fungal-type vacuole membrane	0.4408	5	9	0.556	YBR293W,YKL146W,YER119C,YNL101W,YMR088C
YGL117W	C	GO:0005829	cytosol	0.4403	4	8	0.500	YER175C,YHR018C,YJL088W,YOL058W
YPL056C	F	GO:0005515	protein binding	0.4371	4	6	0.667	YGL085W,YLR407W,YER140W,YMR287C
YOL056W	P	GO:0006094	gluconeogenesis	0.4348	5	8	0.625	YKL152C,YJR009C,YJL052W,YGR192C,YCR012W
YMR155W	C	GO:0000324	fungal-type vacuole	0.4307	5	9	0.556	YIL088C,YKL146W,YJL059W,YER119C,YNL101W
YOL056W	F	GO:1904408	melatonin binding	0.4300	5	9	0.556	YHR174W,YJR009C,YGR254W,YJL052W,YGR192C
YGR016W	F	GO:0005515	protein binding	0.4299	4	4	1.000	YDR239C,YBR108W,YDL086W,YDL203C
YJL163C	C	GO:0000329	fungal-type vacuole membrane	0.4289	5	7	0.714	YBR293W,YKL146W,YER119C,YNL101W,YMR088C
YMR118C	C	GO:0045273	respiratory chain complex II (succinate dehydrogenase)	0.4279	4	8	0.500	YLR164W,YKL141W,YKL148C,YDR178W
YDR119W	C	GO:0005886	plasma membrane	0.4277	4	6	0.667	YKR106W,YCL073C,YPR198W,YML116W
YJL052C-A	F	GO:0005515	protein binding	0.4275	4	8	0.500	YLR146C,YPR069C,YHR068W,YPL111W
YGL199C	F	GO:0005515	protein binding	0.4264	5	5	1.000	YNL263C,YNL044W,YGR172C,YBR264C,YML094W
YBR298C	F	GO:0004574	oligo-1,6-glucosidase activity	0.4247	4	8	0.500	YGR287C,YJL216C,YOL157C,YJL221C
YGL199C	P	GO:0006888	endoplasmic reticulum to Golgi vesicle-mediated transport	0.4245	4	7	0.571	YER074W-A,YNL263C,YNL044W,YGR172C
YGL199C	C	GO:0030134	COPII-coated ER to Golgi transport vesicle	0.4245	4	6	0.667	YER074W-A,YNL263C,YNL044W,YGR172C
YJL163C	C	GO:0000324	fungal-type vacuole	0.4244	5	7	0.714	YIL088C,YKL146W,YJL059W,YER119C,YNL101W
YER087W	F	GO:1990825	sequence-specific mRNA binding	0.4237	5	9	0.556	YGR094W,YGR185C,YOL097C,YDR341C,YPR033C
YHR033W	C	GO:0005829	cytosol	0.4200	5	7	0.714	YDR300C,YOR323C,YLR438W,YER023W,YKL075C
YKL161C	C	GO:0005634	nucleus	0.4199	4	6	0.667	YIL113W,YPL089C,YHR030C,YNL053W
YNR027W	P	GO:0008615	pyridoxine biosynthetic process	0.4197	4	6	0.667	YFL059W,YMR095C,YMR096W,YNL333W
YAR073W	C	GO:0005737	cytoplasm	0.4193	4	7	0.571	YML056C,YLR432W,YDL166C,YHR216W
YEL034C-A	F	GO:0005515	protein binding	0.4190	5	6	0.833	YLR345W,YCR059C,YJL218W,YDR152W,YKL128C
YDR136C	F	GO:0005515	protein binding	0.4182	4	5	0.800	YHR115C,YLR215C,YKR020W,YNL246W
YGL052W	F	GO:0005515	protein binding	0.4171	4	6	0.667	YGL051W,YPL156C,YAR033W,YNL287W
YMR114C	F	GO:0004596	protein-N-terminal amino-acid acetyltransferase activity	0.4170	4	7	0.571	YPR051W,YEL053C,YCR020C-A,YOL076W
YCR102W-A	F	GO:0004792	thiosulfate-cyanide sulfurtransferase activity	0.4168	5	7	0.714	YOR285W,YOR286W,YGR203W,YOR251C,YHR111W
YGL117W	P	GO:0006526	L-arginine biosynthetic process	0.4141	5	7	0.714	YOR130C,YHR018C,YJL088W,YOL058W,YJR109C
YPR022C	C	GO:0005737	cytoplasm	0.4121	4	6	0.667	YPL184C,YHR082C,YJR091C,YNL016W
YNR014W	P	GO:0007031	peroxisome organization	0.4117	4	8	0.500	YOR193W,YDR479C,YCL056C,YHR150W
YJL225C	F	GO:0003678	DNA helicase activity	0.4104	3	3	1.000	YLR466W,YER190W,YDR545W
YPL054W	C	GO:0005634	nucleus	0.4099	4	7	0.571	YPR179C,YDR295C,YLR223C,YDR169C
YML094C-A	F	GO:0005515	protein binding	0.4094	5	5	1.000	YNL263C,YNL044W,YGR172C,YGL161C,YBR264C
YIL151C	P	GO:0006310	DNA recombination	0.4086	4	7	0.571	YDR206W,YMR080C,YGR072W,YHR077C
YLR280C	F	GO:0005515	protein binding	0.4085	4	7	0.571	YPL253C,YGR078C,YGR238C,YLR190W
YDL009C	P	GO:0034599	cellular response to oxidative stress	0.4078	4	8	0.500	YDL010W,YER174C,YBR014C,YPL059W
YPL054W	F	GO:0005515	protein binding	0.4077	4	8	0.500	YPR179C,YDR295C,YLR223C,YNL311C
YDR307W	C	GO:0005794	Golgi apparatus	0.4044	4	8	0.500	YEL042W,YDR372C,YOR099W,YJL139C
YPL247C	F	GO:0005515	protein binding	0.4036	4	6	0.667	YMR261C,YDR001C,YDR074W,YKR058W
YNL228W	F	GO:0004674	protein serine/threonine kinase activity	0.4031	4	6	0.667	YER129W,YAL017W,YGL179C,YOR233W
YDL233W	P	GO:0045944	positive regulation of transcription by RNA polymerase II	0.4023	4	8	0.500	YMR164C,YOL116W,YOR140W,YKL043W
YOR305W	C	GO:0099617	matrix side of mitochondrial inner membrane	0.3999	3	6	0.500	YPR116W,YLR091W,YDR065W
YDR048C	F	GO:0005515	protein binding	0.3992	4	8	0.500	YDR082W,YKR023W,YGL110C,YDR054C
YIL177C	F	GO:0003678	DNA helicase activity	0.3987	3	3	1.000	YER190W,YLR466W,YDR545W
YJR003C	F	GO:0005515	protein binding	0.3978	4	7	0.571	YAL036C,YOR252W,YGR187C,YJR083C
YGR017W	P	GO:0008615	pyridoxine biosynthetic process	0.3962	4	7	0.571	YFL059W,YMR096W,YMR095C,YNL333W
YLR297W	C	GO:0005886	plasma membrane	0.3957	4	8	0.500	YBR054W,YDR033W,YGR138C,YPR156C
YIL151C	C	GO:0005634	nucleus	0.3947	4	8	0.500	YOR166C,YGR072W,YLR233C,YPL204W
YML094C-A	P	GO:0006888	endoplasmic reticulum to Golgi vesicle-mediated transport	0.3944	4	7	0.571	YER074W-A,YNL263C,YNL044W,YGR172C
YML094C-A	C	GO:0030134	COPII-coated ER to Golgi transport vesicle	0.3944	4	7	0.571	YER074W-A,YNL263C,YNL044W,YGR172C
YOR331C	F	GO:0005515	protein binding	0.3932	4	7	0.571	YPL272C,YKL171W,YDL199C,YLR132C
YOR338W	F	GO:0005515	protein binding	0.3932	4	8	0.500	YLR352W,YGR250C,YLR224W,YBR172C
YOR013W	C	GO:0032174	cellular bud neck septin collar	0.3927	4	8	0.500	YCL024W,YKR048C,YBR133C,YNL078W
YDR048C	C	GO:0022626	cytosolic ribosome	0.3919	4	8	0.500	YKR023W,YGL110C,YNL014W,YGR271W
YER014C-A	P	GO:0000920	septum digestion after cytokinesis	0.3906	4	8	0.500	YER124C,YNL327W,YNR067C,YHR143W
YLR104W	F	GO:0005515	protein binding	0.3897	3	5	0.600	YGL085W,YER140W,YMR287C
YFR045W	C	GO:0005743	mitochondrial inner membrane	0.3889	4	8	0.500	YPR058W,YMR241W,YPR011C,YNR040W
YLR419W	F	GO:0005515	protein binding	0.3876	4	7	0.571	YCR059C,YDR152W,YLR345W,YGR173W
YBR219C	C	GO:0005789	endoplasmic reticulum membrane	0.3861	4	7	0.571	YIL005W,YDR292C,YPL210C,YKL154W
YLR278C	F	GO:0001228	DNA-binding transcription activator activity, RNA polymerase II-specific	0.3858	4	7	0.571	YPL133C,YMR280C,YLR451W,YJL089W
YML083C	C	GO:0009277	fungal-type cell wall	0.3858	4	8	0.500	YOR009W,YIL011W,YER011W,YJR150C
YBR220C	C	GO:0005789	endoplasmic reticulum membrane	0.3853	4	7	0.571	YIL005W,YDR292C,YBR171W,YPL210C
YKR075C	F	GO:0005515	protein binding	0.3852	4	6	0.667	YNL234W,YLR407W,YGR250C,YJL035C
YLR342W-A	F	GO:0005515	protein binding	0.3842	4	8	0.500	YGL241W,YJR074W,YMR255W,YGR218W
YBR298C-A	F	GO:0004792	thiosulfate-cyanide sulfurtransferase activity	0.3827	5	7	0.714	YOR285W,YOR286W,YGR203W,YOR251C,YHR111W
YNL269W	C	GO:0005634	nucleus	0.3826	4	6	0.667	YCR039C,YGR044C,YMR030W,YOR229W
YDL018C	C	GO:0030134	COPII-coated ER to Golgi transport vesicle	0.3823	4	5	0.800	YAL007C,YAR002C-A,YGL200C,YML012W
YLL053C	C	GO:0005886	plasma membrane	0.3799	4	5	0.800	YLL052C,YLR121C,YLR414C,YBR005W
YJR085C	F	GO:0005515	protein binding	0.3774	5	5	1.000	YBR137W,YOR038C,YOR164C,YDL100C,YOL111C
YGL188C	C	GO:0005634	nucleus	0.3772	3	6	0.500	YLR132C,YDL189W,YER156C
YOR342C	F	GO:0005515	protein binding	0.3765	5	6	0.833	YDL015C,YHR195W,YAR042W,YLR292C,YEL013W
YDR520C	P	GO:0045944	positive regulation of transcription by RNA polymerase II	0.3761	4	8	0.500	YOL089C,YCR082W,YBR239C,YPL133C
YDL109C	P	GO:0006888	endoplasmic reticulum to Golgi vesicle-mediated transport	0.3746	4	6	0.667	YGL002W,YAR002C-A,YAL007C,YOR016C
YKL105C	F	GO:0005515	protein binding	0.3738	4	5	0.800	YMR031C,YGR086C,YPL004C,YML119W
YDR274C	P	GO:0006310	DNA recombination	0.3735	4	8	0.500	YGR072W,YMR080C,YDR206W,YHR077C
YOL056W	C	GO:0005829	cytosol	0.3722	4	8	0.500	YKL152C,YJR009C,YJL052W,YGR192C
YNL269W	F	GO:0005515	protein binding	0.3716	4	5	0.800	YCR039C,YCR040W,YOR229W,YDR227W
YCR097W-A	F	GO:0005515	protein binding	0.3715	4	5	0.800	YCR042C,YPR154W,YGR136W,YOR076C
YJR154W	P	GO:0009102	biotin biosynthetic process	0.3657	4	6	0.667	YNR058W,YNR057C,YNR056C,YGR286C
YLR297W	F	GO:0005515	protein binding	0.3656	4	6	0.667	YNL160W,YGR138C,YPR008W,YPR156C
YLR162W-A	F	GO:0005515	protein binding	0.3656	3	6	0.500	YLR154C,YLR080W,YDR279W
YER014C-A	C	GO:0009277	fungal-type cell wall	0.3655	4	8	0.500	YNL327W,YNR067C,YHR143W,YNL066W
YNR065C	F	GO:0005515	protein binding	0.3645	4	8	0.500	YER167W,YMR199W,YNL068C,YPR104C
YOR342C	P	GO:0034727	piecemeal microautophagy of the nucleus	0.3628	4	8	0.500	YML104C,YHR195W,YAR042W,YEL013W
YLL067C	P	GO:0000722	telomere maintenance via recombination	0.3626	4	4	1.000	YER190W,YLR466W,YLR467W,YDR545W
YJL162C	F	GO:0001671	ATPase activator activity	0.3614	5	8	0.625	YNL077W,YMR161W,YLR090W,YFL016C,YNL328C
YHR087W	F	GO:0005515	protein binding	0.3600	4	6	0.667	YOR173W,YLR178C,YML100W,YDR074W
YLR177W	C	GO:0005737	cytoplasm	0.3592	3	4	0.750	YPL105C,YBR129C,YLL019C
YOR385W	F	GO:0005515	protein binding	0.3590	4	5	0.800	YBR005W,YMR316W,YOL016C,YGL237C
YNR068C	F	GO:0005515	protein binding	0.3586	4	6	0.667	YKR078W,YLR392C,YFR022W,YPR030W
YDR220C	F	GO:0005515	protein binding	0.3585	3	5	0.600	YKL171W,YDL199C,YLR132C
YMR003W	C	GO:0005759	mitochondrial matrix	0.3583	4	7	0.571	YML129C,YIL098C,YDR493W,YIL070C
YJR155W	P	GO:0009102	biotin biosynthetic process	0.3573	4	6	0.667	YNR058W,YNR057C,YNR056C,YGR286C
YDL233W	P	GO:0000128	flocculation	0.3550	4	8	0.500	YKR102W,YIR019C,YHR211W,YAR050W
YOR062C	F	GO:0005515	protein binding	0.3544	4	6	0.667	YNL234W,YLR407W,YGR250C,YJL035C
YNL089C	F	GO:0005515	protein binding	0.3512	4	7	0.571	YNL094W,YNL087W,YNL091W,YNL085W
YKR073C	F	GO:0061630	ubiquitin protein ligase activity	0.3487	3	6	0.500	YLR427W,YPR093C,YLR247C
YPL283W-A	P	GO:0000722	telomere maintenance via recombination	0.3484	4	4	1.000	YDR545W,YER190W,YLR467W,YNL339C
YNL095C	F	GO:0005515	protein binding	0.3467	4	7	0.571	YNL094W,YNL087W,YNL091W,YNL085W
YDR220C	C	GO:0005737	cytoplasm	0.3461	3	5	0.600	YKL171W,YLR455W,YOR006C
YOR238W	F	GO:0005515	protein binding	0.3429	3	5	0.600	YNL311C,YKL142W,YJR083C
YMR262W	C	GO:0000139	Golgi membrane	0.3429	4	6	0.667	YNL263C,YER074W-A,YIL041W,YGR172C
YGR283C	F	GO:0005515	protein binding	0.3426	3	6	0.500	YOR252W,YBR034C,YDL200C
YOR220W	F	GO:0005515	protein binding	0.3418	3	6	0.500	YOL016C,YBR005W,YMR316W
YPL067C	C	GO:0005886	plasma membrane	0.3391	4	4	1.000	YLL052C,YLR121C,YBR005W,YLR414C
YDR061W	C	GO:0000329	fungal-type vacuole membrane	0.3390	3	6	0.500	YHL035C,YLL015W,YKR103W
YDR053W	F	GO:0005515	protein binding	0.3383	4	6	0.667	YDR082W,YDR054C,YDR049W,YDR071C
YER077C	C	GO:0005743	mitochondrial inner membrane	0.3375	3	5	0.600	YMR098C,YLR393W,YGL107C
YMR262W	P	GO:0006888	endoplasmic reticulum to Golgi vesicle-mediated transport	0.3361	4	7	0.571	YNL263C,YER074W-A,YGR172C,YNL044W
YMR262W	C	GO:0030134	COPII-coated ER to Golgi transport vesicle	0.3361	4	6	0.667	YNL263C,YER074W-A,YGR172C,YNL044W
YPR022C	C	GO:0005634	nucleus	0.3351	3	6	0.500	YPL184C,YHR082C,YNL016W
YOR097C	F	GO:0005515	protein binding	0.3350	4	7	0.571	YDR081C,YPR051W,YEL053C,YCR092C
YBL081W	C	GO:0005737	cytoplasm	0.3348	3	5	0.600	YPL184C,YHR082C,YJR091C
YEL077C	F	GO:0003678	DNA helicase activity	0.3346	3	3	1.000	YLR466W,YER190W,YDR545W
YDR066C	F	GO:0005515	protein binding	0.3344	4	6	0.667	YDR082W,YDR054C,YDR049W,YDR071C
YLL059C	C	GO:0005886	plasma membrane	0.3335	3	6	0.500	YLL061W,YNL275W,YBR129C
YJL022W	F	GO:0005515	protein binding	0.3333	3	6	0.500	YJR056C,YJR055W,YJR093C
YBR284W	F	GO:0005515	protein binding	0.3324	3	4	0.750	YJL070C,YJL146W,YJL066C
YBR197C	C	GO:0005789	endoplasmic reticulum membrane	0.3320	3	6	0.500	YBR196C-A,YPR153W,YLR087C
YDR125C	C	GO:0005634	nucleus	0.3295	3	4	0.750	YDL170W,YJL110C,YDR223W
YGR283C	C	GO:0005634	nucleus	0.3294	3	6	0.500	YBR034C,YDR465C,YNL022C
YGL199C	C	GO:0000139	Golgi membrane	0.3282	3	6	0.500	YER074W-A,YNL263C,YGR172C
YGL199C	C	GO:0005789	endoplasmic reticulum membrane	0.3282	3	6	0.500	YER074W-A,YNL263C,YGR172C
YLR363W-A	F	GO:0005515	protein binding	0.3251	3	4	0.750	YLR363C,YMR080C,YGR072W
YKL161C	C	GO:0005737	cytoplasm	0.3223	3	6	0.500	YIL113W,YPL140C,YNL053W
YER109C	P	GO:0000128	flocculation	0.3222	4	8	0.500	YIR019C,YKR102W,YHR211W,YAR050W
YCL026C-B	F	GO:0005515	protein binding	0.3205	3	5	0.600	YJL146W,YJL066C,YJL070C
YJL028W	F	GO:0005515	protein binding	0.3204	3	6	0.500	YJR056C,YJR055W,YJR093C
YNL334C	F	GO:0005515	protein binding	0.3203	4	7	0.571	YMR095C,YMR096W,YPR172W,YDL244W
YMR262W	F	GO:0005515	protein binding	0.3197	4	4	1.000	YNL263C,YGR172C,YNL044W,YBR264C
YJR085C	C	GO:0005737	cytoplasm	0.3175	4	8	0.500	YBR137W,YCR008W,YDR186C,YPR010C-A
YER039C	P	GO:0015786	UDP-glucose transmembrane transport	0.3173	3	6	0.500	YEL004W,YML038C,YPL244C
Q0255	F	GO:0005515	protein binding	0.3172	3	6	0.500	YDL085C-A,YGL019W,YPR052C
YMR253C	C	GO:0009277	fungal-type cell wall	0.3158	3	6	0.500	YJL078C,YNL300W,YNL190W
YNL228W	C	GO:0005737	cytoplasm	0.3145	3	6	0.500	YER129W,YAL017W,YGL179C
YOL137W	F	GO:0005515	protein binding	0.3142	3	6	0.500	YDR279W,YDR363W,YAL036C
YLR261C	F	GO:0005515	protein binding	0.3135	3	5	0.600	YOL129W,YJR044C,YKR019C
YCR041W	F	GO:0005515	protein binding	0.3130	3	5	0.600	YDR227W,YKR101W,YPL075W
YOR393W	P	GO:0006096	glycolytic process	0.3121	4	6	0.667	YHR174W,YKL152C,YGR254W,YJR009C
YOR393W	C	GO:0005739	mitochondrion	0.3121	4	6	0.667	YHR174W,YKL152C,YGR254W,YJR009C
YNR027W	P	GO:0042819	vitamin B6 biosynthetic process	0.3110	3	6	0.500	YMR095C,YMR096W,YNL333W
YML096W	C	GO:0005737	cytoplasm	0.3104	3	4	0.750	YBR281C,YNL191W,YDR223W
YOR282W	C	GO:0022626	cytosolic ribosome	0.3086	3	5	0.600	YNL014W,YGL110C,YKR023W
YAL049C	F	GO:0005515	protein binding	0.3079	3	3	1.000	YBR194W,YBR108W,YDR239C
YMR310C	F	GO:0005515	protein binding	0.3078	3	6	0.500	YOR252W,YBR034C,YDL200C
YCL007C	F	GO:0005515	protein binding	0.3067	3	6	0.500	YMR182C,YNL311C,YGL131C
YPL247C	F	GO:0004555	alpha,alpha-trehalase activity	0.3067	3	6	0.500	YPR026W,YDR001C,YBR001C
YPR064W	C	GO:0005737	cytoplasm	0.3066	3	6	0.500	YGR211W,YPL196W,YDR346C
YNR027W	P	GO:0042823	pyridoxal 5'-phosphate biosynthetic process	0.3063	3	6	0.500	YMR095C,YMR096W,YEL029C
YJL217W	F	GO:0005515	protein binding	0.3053	3	6	0.500	YJR055W,YJR056C,YJR093C
YJR085C	P	GO:0006620	post-translational protein targeting to endoplasmic reticulum membrane	0.3047	4	7	0.571	YBR137W,YOR164C,YDL100C,YOL111C
YER014C-A	F	GO:0005515	protein binding	0.3038	3	5	0.600	YER124C,YBR158W,YCR038C
YGR067C	C	GO:0005737	cytoplasm	0.3034	3	5	0.600	YHR082C,YJR091C,YPL184C
YPL216W	C	GO:0000785	chromatin	0.3030	3	6	0.500	YAL019W,YDR501W,YNL246W
YER137C	F	GO:0005515	protein binding	0.3016	4	6	0.667	YDR005C,YDR156W,YPR110C,YFL023W
YML133C	F	GO:0003678	DNA helicase activity	0.3012	3	3	1.000	YER190W,YDR545W,YLR466W
YLR108C	P	GO:0000467	exonucleolytic trimming to generate mature 3'-end of 5.8S rRNA from tricistronic rRNA transcript (SSU-rRNA, 5.8S rRNA, LSU-rRNA)	0.3010	4	8	0.500	YLR107W,YLR059C,YGR276C,YOR001W
YLR108C	P	GO:0034476	U5 snRNA 3'-end processing	0.3010	4	8	0.500	YLR107W,YLR059C,YGR276C,YOR001W
YLR108C	F	GO:0000175	3'-5'-RNA exonuclease activity	0.3010	4	7	0.571	YLR107W,YLR059C,YGR276C,YOR001W
YIL117C	F	GO:0005515	protein binding	0.3002	3	6	0.500	YBR269C,YKL171W,YDL199C
YGL226W	C	GO:0005743	mitochondrial inner membrane	0.2997	3	5	0.600	YML030W,YNR018W,YBL030C
YGR017W	F	GO:0005515	protein binding	0.2996	3	6	0.500	YPR172W,YMR096W,YMR095C
YJL161W	F	GO:0005515	protein binding	0.2989	3	6	0.500	YJR055W,YJR056C,YJR093C
YKR070W	C	GO:0005739	mitochondrion	0.2987	3	4	0.750	YIL087C,YOL023W,YLR390W
YBL113C	F	GO:0003678	DNA helicase activity	0.2981	3	3	1.000	YER190W,YLR466W,YDR545W
YBR300C	F	GO:0004792	thiosulfate-cyanide sulfurtransferase activity	0.2967	3	4	0.750	YOR286W,YOR285W,YGR203W
YKL132C	C	GO:0005739	mitochondrion	0.2954	3	6	0.500	YOR241W,YBR084W,YBR263W
YOR220W	C	GO:0005886	plasma membrane	0.2953	3	3	1.000	YLR121C,YBR005W,YLR414C
YNL254C	F	GO:0005515	protein binding	0.2949	3	5	0.600	YNL253W,YOL002C,YPL119C
YJL222W-A	F	GO:0005515	protein binding	0.2935	4	6	0.667	YDR458C,YML034W,YDL089W,YKR010C
YHR086W-A	F	GO:0005515	protein binding	0.2933	3	4	0.750	YPL246C,YHR167W,YML117W
YLR419W	P	GO:0034198	cellular response to amino acid starvation	0.2922	3	6	0.500	YCR059C,YDR152W,YGR173W
YPL245W	F	GO:0005515	protein binding	0.2914	3	5	0.600	YCR059C,YDR152W,YPL193W
YER098W	P	GO:0016579	protein deubiquitination	0.2910	3	6	0.500	YIL156W,YOR124C,YDL122W
YDR067C	F	GO:0005515	protein binding	0.2903	3	6	0.500	YDR082W,YDR071C,YDR054C
YHR219W	P	GO:0000722	telomere maintenance via recombination	0.2899	3	3	1.000	YER190W,YLR466W,YLR467W
YMR310C	C	GO:0005730	nucleolus	0.2893	3	6	0.500	YIL096C,YNL022C,YCR016W
YNL179C	C	GO:0005634	nucleus	0.2890	5	6	0.833	YOL159C-A,YJR074W,YGL164C,YIR011C,YER156C
YNR027W	F	GO:0005515	protein binding	0.2884	3	5	0.600	YMR095C,YMR096W,YPR172W
YDL096C	C	GO:0005739	mitochondrion	0.2877	3	5	0.600	YLR281C,YBR104W,YGL143C
YDR133C	C	GO:0005737	cytoplasm	0.2870	3	6	0.500	YBR281C,YDR223W,YNL191W
YHR021W-A	F	GO:0042124	1,3-beta-glucanosyltransferase activity	0.2856	4	7	0.571	YOL030W,YMR307W,YOL132W,YLR343W
YER138W-A	P	GO:0045944	positive regulation of transcription by RNA polymerase II	0.2854	3	6	0.500	YLR256W,YGL237C,YOR358W
YER138W-A	P	GO:0043457	regulation of cellular respiration	0.2854	3	6	0.500	YLR256W,YGL237C,YOR358W
YER138W-A	F	GO:0000978	RNA polymerase II cis-regulatory region sequence-specific DNA binding	0.2854	3	5	0.600	YLR256W,YGL237C,YOR358W
YLR101C	C	GO:0005634	nucleus	0.2842	3	5	0.600	YER156C,YPL239W,YDR223W
YIR042C	C	GO:0019005	SCF ubiquitin ligase complex	0.2832	5	8	0.625	YBR280C,YDR306C,YLR097C,YLR224W,YLR352W
YAR075W	C	GO:0005737	cytoplasm	0.2830	3	5	0.600	YLR432W,YHR216W,YML056C
YGR236C	F	GO:0005515	protein binding	0.2827	3	6	0.500	YGR052W,YHR096C,YKR049C
YMR107W	F	GO:0005515	protein binding	0.2823	3	4	0.750	YLR267W,YHR096C,YGR052W
YIL152W	F	GO:0005515	protein binding	0.2804	3	5	0.600	YER140W,YGL085W,YDR279W
YDR274C	C	GO:0005634	nucleus	0.2797	3	6	0.500	YGR072W,YOR166C,YLR233C
YCR001W	C	GO:0005737	cytoplasm	0.2796	3	6	0.500	YKL171W,YLR455W,YOR006C
YMR206W	C	GO:0005886	plasma membrane	0.2790	3	5	0.600	YML125C,YNR002C,YCR010C
YDR246W-A	C	GO:0005886	plasma membrane	0.2782	3	4	0.750	YCR010C,YNR002C,YML125C
YLL066C	F	GO:0003678	DNA helicase activity	0.2763	3	3	1.000	YER190W,YDR545W,YLR466W
YLR334C	P	GO:0000467	exonucleolytic trimming to generate mature 3'-end of 5.8S rRNA from tricistronic rRNA transcript (SSU-rRNA, 5.8S rRNA, LSU-rRNA)	0.2760	4	8	0.500	YLR107W,YLR059C,YGR276C,YOR001W
YLR334C	P	GO:0034476	U5 snRNA 3'-end processing	0.2760	4	8	0.500	YLR107W,YLR059C,YGR276C,YOR001W
YLR334C	F	GO:0000175	3'-5'-RNA exonuclease activity	0.2760	4	7	0.571	YLR107W,YLR059C,YGR276C,YOR001W
YLR363W-A	C	GO:0005737	cytoplasm	0.2752	4	5	0.800	YDR206W,YOR166C,YMR080C,YGR072W
YDR187C	C	GO:0005829	cytosol	0.2746	3	6	0.500	YIR020C,YCR020C,YCL011C
YLR419W	P	GO:0002181	cytoplasmic translation	0.2744	3	6	0.500	YDR152W,YPR163C,YGR173W
YMR090W	C	GO:0005634	nucleus	0.2739	3	5	0.600	YIL101C,YPL230W,YKL091C
YLL067C	F	GO:0003678	DNA helicase activity	0.2716	3	3	1.000	YER190W,YLR466W,YDR545W
YGL260W	F	GO:0005515	protein binding	0.2712	3	5	0.600	YKL075C,YIR024C,YNL091W
YCR097W-A	C	GO:0005737	cytoplasm	0.2711	3	5	0.600	YPR154W,YGR136W,YOR076C
YDL233W	C	GO:0005634	nucleus	0.2704	3	6	0.500	YOL116W,YOR140W,YKL043W
YHR218W-A	P	GO:0000722	telomere maintenance via recombination	0.2681	3	3	1.000	YLR466W,YER190W,YLR467W
YBR209W	F	GO:0005515	protein binding	0.2677	3	4	0.750	YBR108W,YBR194W,YDL086W
YJL188C	P	GO:0016579	protein deubiquitination	0.2664	3	6	0.500	YDL122W,YOR124C,YIL156W
YJL188C	F	GO:0004843	cysteine-type deubiquitinase activity	0.2664	3	6	0.500	YDL122W,YOR124C,YIL156W
YKR104W	F	GO:0005515	protein binding	0.2649	4	6	0.667	YOL075C,YNR070W,YDR135C,YFR009W
YNL296W	F	GO:0005515	protein binding	0.2643	3	5	0.600	YOL129W,YJR044C,YKR019C
YHL005C	F	GO:0005515	protein binding	0.2631	3	5	0.600	YKL075C,YIR024C,YNL091W
YDL241W	C	GO:0022626	cytosolic ribosome	0.2625	3	5	0.600	YPL009C,YGL110C,YKR023W
YPL283W-B	P	GO:0000722	telomere maintenance via recombination	0.2613	3	3	1.000	YDR545W,YER190W,YLR467W
YEL073C	F	GO:0005515	protein binding	0.2598	4	8	0.500	YML034W,YDR458C,YER052C,YDL089W
YKR035C	F	GO:0005515	protein binding	0.2591	3	5	0.600	YKL075C,YIR024C,YNL091W
YOR268C	F	GO:0005515	protein binding	0.2590	3	6	0.500	YLR146C,YPR069C,YHR068W
YJR124C	C	GO:0005783	endoplasmic reticulum	0.2584	3	5	0.600	YLR004C,YGR263C,YLR057W
YDL129W	C	GO:0099617	matrix side of mitochondrial inner membrane	0.2580	3	6	0.500	YLR091W,YPR116W,YDR065W
YJL211C	C	GO:0005739	mitochondrion	0.2579	4	6	0.667	YHL038C,YJL209W,YBR120C,YDR197W
YLR049C	P	GO:0031505	fungal-type cell wall organization	0.2579	3	6	0.500	YKL164C,YKL163W,YJL159W
YLR049C	F	GO:0005199	structural constituent of cell wall	0.2579	3	3	1.000	YKL164C,YKL163W,YJL159W
YLR049C	C	GO:0009277	fungal-type cell wall	0.2579	3	4	0.750	YKL164C,YKL163W,YJL159W
YMR262W	C	GO:0005789	endoplasmic reticulum membrane	0.2568	3	6	0.500	YNL263C,YER074W-A,YGR172C
YPR022C	F	GO:0003729	mRNA binding	0.2567	3	5	0.600	YPR042C,YJR091C,YNL016W
YOR050C	C	GO:0005737	cytoplasm	0.2541	3	6	0.500	YPL015C,YOR091W,YMR185W
YLR287C	C	GO:0005634	nucleus	0.2516	3	6	0.500	YBR034C,YNL022C,YDR465C
YEL023C	F	GO:0005515	protein binding	0.2487	3	5	0.600	YLR146C,YPR069C,YHR068W
YPL102C	F	GO:0005515	protein binding	0.2473	3	4	0.750	YPL246C,YHR167W,YML117W
YKR045C	F	GO:0005515	protein binding	0.2469	3	4	0.750	YHR131C,YER032W,YAL036C
YPR022C	C	GO:0010494	cytoplasmic stress granule	0.2466	3	6	0.500	YHR082C,YDL167C,YNL016W
YLR287C	C	GO:0005730	nucleolus	0.2447	3	6	0.500	YIL096C,YNL022C,YCR016W
YNL024C	C	GO:0005737	cytoplasm	0.2438	3	5	0.600	YHR207C,YDR465C,YLR063W
YNL024C	C	GO:0005634	nucleus	0.2438	3	5	0.600	YHR207C,YDR465C,YLR063W
YDL071C	P	GO:0030476	ascospore wall assembly	0.2351	3	5	0.600	YOR242C,YOL132W,YLR343W
YLL066W-A	P	GO:0045944	positive regulation of transcription by RNA polymerase II	0.2342	3	4	0.750	YMR042W,YBR182C,YIR018W
YLL066W-A	C	GO:0005634	nucleus	0.2342	3	4	0.750	YMR042W,YBR182C,YIR018W
YGL152C	C	GO:0005739	mitochondrion	0.2337	4	6	0.667	YHL038C,YJL209W,YBR120C,YDR197W
YNL208W	F	GO:0005515	protein binding	0.2331	3	4	0.750	YPR091C,YLR257W,YOR016C
YIR042C	P	GO:0006511	ubiquitin-dependent protein catabolic process	0.2300	4	8	0.500	YBR280C,YER143W,YLR097C,YLR352W
YBL096C	C	GO:0005737	cytoplasm	0.2288	3	5	0.600	YOR091W,YDR174W,YPL015C
YNR071C	F	GO:0005515	protein binding	0.2276	3	5	0.600	YBR056W,YLR257W,YMR244C-A
YDR504C	F	GO:0005515	protein binding	0.2269	3	5	0.600	YOR042W,YFL007W,YLR422W
YER137C	C	GO:0005634	nucleus	0.2266	3	6	0.500	YDR005C,YDR156W,YPR110C
YOL015W	F	GO:0005515	protein binding	0.2187	3	4	0.750	YOR284W,YPR171W,YDL239C
YJL009W	F	GO:0005515	protein binding	0.2153	3	3	1.000	YLR066W,YJR010C-A,YML105C
YDL057W	F	GO:0005515	protein binding	0.2139	3	6	0.500	YGL220W,YER174C,YDR098C
YJL211C	C	GO:0005761	mitochondrial ribosome	0.2136	3	6	0.500	YDL069C,YBR120C,YDR197W
YDR520C	F	GO:0005515	protein binding	0.2114	3	4	0.750	YCR082W,YBR239C,YPL133C
YDL009C	F	GO:0005515	protein binding	0.2107	3	6	0.500	YGL220W,YER174C,YDR098C
YJL120W	F	GO:0005515	protein binding	0.2076	3	5	0.600	YOL129W,YJR044C,YKR019C
YDR182W-A	P	GO:0006606	protein import into nucleus	0.2055	7	8	0.875	YOR160W,YBR017C,YGL241W,YPL125W,YGL016W,YJR132W,YDR395W
YDR182W-A	C	GO:0005737	cytoplasm	0.2055	7	8	0.875	YOR160W,YBR017C,YGL241W,YPL125W,YGL016W,YJR132W,YDR395W
YDR182W-A	C	GO:0005634	nucleus	0.2055	7	8	0.875	YOR160W,YBR017C,YGL241W,YPL125W,YGL016W,YJR132W,YDR395W
YDR241W	P	GO:0006312	mitotic recombination	0.2054	4	4	1.000	YJL142C,YDR540C,YPL017C,YFR038W
YGL152C	C	GO:0005761	mitochondrial ribosome	0.2048	3	6	0.500	YDL069C,YBR120C,YDR197W
YDL057W	F	GO:0015036	disulfide oxidoreductase activity	0.2028	3	6	0.500	YER174C,YDR098C,YPL059W
YDR169C-A	P	GO:0006606	protein import into nucleus	0.2008	7	8	0.875	YOR160W,YBR017C,YGL241W,YPL125W,YGL016W,YJR132W,YDR395W
YDR169C-A	C	GO:0005737	cytoplasm	0.2008	7	8	0.875	YOR160W,YBR017C,YGL241W,YPL125W,YGL016W,YJR132W,YDR395W
YDR169C-A	C	GO:0005634	nucleus	0.2008	7	8	0.875	YOR160W,YBR017C,YGL241W,YPL125W,YGL016W,YJR132W,YDR395W
YGL140C	F	GO:0005515	protein binding	0.2000	4	5	0.800	YNR004W,YGL144C,YGL002W,YAL007C
YER109C	C	GO:0005634	nucleus	0.1992	3	6	0.500	YOL116W,YOR140W,YKL043W
YDL009C	F	GO:0015036	disulfide oxidoreductase activity	0.1926	3	6	0.500	YER174C,YDR098C,YPL059W
YDL048C	C	GO:0005634	nucleus	0.1870	3	3	1.000	YML076C,YPR008W,YKL214C
YOR235W	P	GO:0006312	mitotic recombination	0.1857	4	4	1.000	YJL142C,YDR540C,YFR038W,YPL017C
YOR392W	C	GO:0005886	plasma membrane	0.1849	3	3	1.000	YOR390W,YPL279C,YOR378W
YER053C-A	F	GO:0005515	protein binding	0.1843	3	4	0.750	YJL218W,YGL145W,YOL094C
YNL324W	F	GO:0005515	protein binding	0.1833	6	6	1.000	YLR386W,YNL054W,YLR360W,YNL325C,YFR019W,YLR361C
YLR108C	C	GO:0005634	nucleus	0.1764	3	5	0.600	YGR276C,YLR336C,YOR001W
YMR158W-B	C	GO:0005739	mitochondrion	0.1757	3	5	0.600	YHL038C,YBR120C,YJL209W
YPL261C	C	GO:0005634	nucleus	0.1756	3	5	0.600	YOL159C-A,YGL164C,YJR074W
YIL029C	F	GO:0005515	protein binding	0.1724	4	7	0.571	YIL030C,YNL180C,YKR055W,YNL090W
YOR135C	P	GO:0006312	mitotic recombination	0.1711	3	4	0.750	YJL142C,YDR540C,YFR038W
YLR334C	C	GO:0005634	nucleus	0.1688	3	5	0.600	YGR276C,YLR336C,YOR001W
YIL029C	F	GO:0003924	GTPase activity	0.1675	4	7	0.571	YNL180C,YKR055W,YAL048C,YNL090W
YPL261C	F	GO:0005515	protein binding	0.1643	3	5	0.600	YML117W,YPL237W,YJR074W
YDR154C	P	GO:0000122	negative regulation of transcription by RNA polymerase II	0.1597	3	6	0.500	YDR443C,YOR279C,YDR295C
YDR154C	C	GO:0005634	nucleus	0.1594	3	6	0.500	YDR155C,YGL164C,YDR295C
YBR099C	F	GO:0005515	protein binding	0.1590	5	5	1.000	YLR386W,YNL054W,YLR360W,YNL325C,YFR019W
YLR456W	F	GO:0005515	protein binding	0.1447	3	4	0.750	YKL135C,YPR172W,YDL244W
YDR182W-A	F	GO:0061608	nuclear import signal receptor activity	0.1397	5	8	0.625	YGL241W,YPL125W,YGL016W,YJR132W,YDR395W
YPL282C	C	GO:0005886	plasma membrane	0.1394	3	3	1.000	YOR390W,YPL279C,YOR378W
YDR169C-A	F	GO:0061608	nuclear import signal receptor activity	0.1367	5	8	0.625	YGL241W,YPL125W,YGL016W,YJR132W,YDR395W
YLR232W	P	GO:0006312	mitotic recombination	0.1293	3	4	0.750	YJL142C,YDR540C,YPL017C
YOR394W	C	GO:0005886	plasma membrane	0.1291	3	3	1.000	YOR390W,YPL279C,YOR378W
YBR099C	C	GO:0000329	fungal-type vacuole membrane	0.1290	4	6	0.667	YLR386W,YNL054W,YNL325C,YFR019W
YBR099C	C	GO:0070772	PAS complex	0.1290	4	6	0.667	YLR386W,YNL054W,YNL325C,YFR019W
YNL324W	C	GO:0000329	fungal-type vacuole membrane	0.1257	4	6	0.667	YLR386W,YNL054W,YNL325C,YFR019W
YNL324W	C	GO:0070772	PAS complex	0.1257	4	6	0.667	YLR386W,YNL054W,YNL325C,YFR019W
YDR182W-A	F	GO:0005515	protein binding	0.1157	4	8	0.500	YBR017C,YGL241W,YGL016W,YGL238W
YDR169C-A	F	GO:0005515	protein binding	0.1132	4	8	0.500	YBR017C,YGL241W,YGL016W,YGL238W
YDL177C	F	GO:0004029	aldehyde dehydrogenase (NAD+) activity	0.1111	4	6	0.667	YNL134C,YMR170C,YER073W,YOR374W
YNL105W	P	GO:0006312	mitotic recombination	0.1028	3	4	0.750	YJL142C,YDR540C,YFR038W
YAR047C	F	GO:0004029	aldehyde dehydrogenase (NAD+) activity	0.0820	3	5	0.600	YNL134C,YER073W,YMR170C
YNL198C	C	GO:0005743	mitochondrial inner membrane	0.0816	3	5	0.600	YMR302C,YEL052W,YPL270W
YML009W-B	C	GO:0005634	nucleus	0.0579	6	6	1.000	YGR063C,YGL130W,YBR236C,YMR039C,YKL160W,YBL008W
YML009C-A	C	GO:0005634	nucleus	0.0575	6	8	0.750	YGR063C,YGL130W,YBR236C,YMR039C,YKL160W,YBL008W
YML009C-A	F	GO:0005515	protein binding	0.0575	6	8	0.750	YGR063C,YGL130W,YMR039C,YKL160W,YBL008W,YPR133C
YML009W-B	F	GO:0005515	protein binding	0.0484	5	6	0.833	YGR063C,YGL130W,YMR039C,YKL160W,YBL008W
YML009W-B	P	GO:0006370	7-methylguanosine mRNA capping	0.0295	3	6	0.500	YGR063C,YGL130W,YBR236C
YML009W-B	P	GO:0006368	transcription elongation by RNA polymerase II	0.0295	3	6	0.500	YGR063C,YKL160W,YBL008W
YKL096C-B	F	GO:0005515	protein binding	0.0000	3	6	0.500	YDL085C-A,YGL019W,YPR052C
YKL183C-A	F	GO:0005515	protein binding	0.0000	3	6	0.500	YDL085C-A,YGL019W,YPR052C
YDL159W-A	F	GO:0005515	protein binding	0.0000	3	6	0.500	YDL085C-A,YGL019W,YPR052C
YDR249C	F	GO:0005515	protein binding	0.0000	6	6	1.000	YBR137W,YOR038C,YOR164C,YDL100C,YOL111C,YOR007C
YDL026W	F	GO:0005515	protein binding	0.0000	6	6	1.000	YBR137W,YOR038C,YOR164C,YDL100C,YOL111C,YOR007C
YDR249C	P	GO:0006620	post-translational protein targeting to endoplasmic reticulum membrane	0.0000	5	7	0.714	YBR137W,YOR164C,YDL100C,YOL111C,YOR007C
YDL026W	P	GO:0006620	post-translational protein targeting to endoplasmic reticulum membrane	0.0000	5	7	0.714	YBR137W,YOR164C,YDL100C,YOL111C,YOR007C
YBR259W	F	GO:0005515	protein binding	0.0000	7	8	0.875	YBR258C,YBR254C,YDR469W,YEL048C,YAR003W,YPL138C,YGR166W
YDR249C	C	GO:0072380	TRC complex	0.0000	4	8	0.500	YBR137W,YOR164C,YOL111C,YOR007C
YDL026W	C	GO:0072380	TRC complex	0.0000	4	8	0.500	YBR137W,YOR164C,YOL111C,YOR007C
YDR521W	F	GO:0043565	sequence-specific DNA binding	0.0000	3	6	0.500	YLR013W,YBR182C,YPL021W
YKL102C	F	GO:0043565	sequence-specific DNA binding	0.0000	3	6	0.500	YLR013W,YBR182C,YPL021W
YBR259W	F	GO:0042800	histone H3K4 methyltransferase activity	0.0000	4	8	0.500	YBR258C,YDR469W,YAR003W,YPL138C
YBR259W	C	GO:0048188	Set1C/COMPASS complex	0.0000	4	8	0.500	YBR258C,YDR469W,YAR003W,YPL138C
YDL026W	F	GO:0042802	identical protein binding	0.0000	3	6	0.500	YDL100C,YOL111C,YOR007C
YDR249C	F	GO:0042802	identical protein binding	0.0000	3	6	0.500	YDL100C,YOL111C,YOR007C
YDL196W	F	GO:0005515	protein binding	0.0000	3	5	0.600	YDR466W,YBL085W,YDR490C
YDL037C	F	GO:0005515	protein binding	0.0000	3	5	0.600	YDR466W,YBL085W,YDR490C
YDL196W	P	GO:0000196	cell integrity MAPK cascade	0.0000	3	6	0.500	YDR466W,YOL100W,YDR490C
YDL037C	P	GO:0000196	cell integrity MAPK cascade	0.0000	3	6	0.500	YDR466W,YOL100W,YDR490C
YDR521W	P	GO:0045944	positive regulation of transcription by RNA polymerase II	0.0000	3	5	0.600	YMR042W,YBR182C,YIR018W
YDR521W	C	GO:0005634	nucleus	0.0000	3	4	0.750	YMR042W,YBR182C,YIR018W
YKL102C	P	GO:0045944	positive regulation of transcription by RNA polymerase II	0.0000	3	5	0.600	YMR042W,YBR182C,YIR018W
YKL102C	C	GO:0005634	nucleus	0.0000	3	4	0.750	YMR042W,YBR182C,YIR018W
YDL037C	F	GO:0004674	protein serine/threonine kinase activity	0.0000	3	5	0.600	YOL100W,YBR028C,YDR490C
YDL196W	F	GO:0004674	protein serine/threonine kinase activity	0.0000	3	5	0.600	YOL100W,YBR028C,YDR490C
YKL098W	C	GO:0005789	endoplasmic reticulum membrane	0.0000	3	5	0.600	YPR153W,YLR087C,YBR196C-A
YMR126C	C	GO:0005789	endoplasmic reticulum membrane	0.0000	3	5	0.600	YPR153W,YLR087C,YBR196C-A
YGR296C-A	P	GO:0000722	telomere maintenance via recombination	0.0000	5	5	1.000	YPL283C,YGR296W,YDR545W,YER190W,YLR467W
YGR296C-B	P	GO:0000722	telomere maintenance via recombination	0.0000	5	5	1.000	YPL283C,YGR296W,YDR545W,YER190W,YLR467W
YGR296C-A	F	GO:0003678	DNA helicase activity	0.0000	3	3	1.000	YGR296W,YDR545W,YER190W
YGR296C-B	F	GO:0003678	DNA helicase activity	0.0000	3	3	1.000	YGR296W,YDR545W,YER190W
YMR265C	F	GO:0005515	protein binding	0.0000	3	4	0.750	YGL145W,YOL094C,YJL218W
YDR415C	F	GO:0005515	protein binding	0.0000	3	4	0.750	YGL145W,YOL094C,YJL218W
YCL046W	P	GO:0006312	mitotic recombination	0.0000	3	4	0.750	YJL142C,YDR540C,YFR038W
YOR055W	P	GO:0006312	mitotic recombination	0.0000	3	4	0.750	YJL142C,YDR540C,YFR038W
